Year,Month,Region,Rainfall,Tmin,Tmax,Frost,Sunshine
2004,1,England,112.8,2.1,7.7,9.3,51.1
2004,1,Northern Ireland,132.2,2.2,7.5,7.2,34.7
2004,1,Scotland,204.2,0.8,5.8,13.0,29.2
2004,1,Wales,192.7,2.2,7.6,9.1,37.5
2004,2,England,48.9,2.2,7.9,11.1,87.0
2004,2,Northern Ireland,50.9,1.1,8.1,12.5,102.3
2004,2,Scotland,109.1,-0.3,6.3,16.6,81.2
2004,2,Wales,119.9,1.5,7.4,12.6,96.5
2004,3,England,48.2,2.6,9.9,5.9,106.5
2004,3,Northern Ireland,86.8,2.4,9.9,5.6,124.5
2004,3,Scotland,98.3,1.2,8.2,9.4,109.4
2004,3,Wales,90.1,2.2,9.2,8.1,116.7
2004,4,England,78.2,5.1,13.2,0.8,136.0
2004,4,Northern Ireland,78.9,4.7,12.0,0.6,135.9
2004,4,Scotland,122.9,4.1,10.8,2.0,104.1
2004,4,Wales,81.5,5.1,12.0,0.9,116.9
2004,5,England,42.7,7.0,16.6,0.1,204.4
2004,5,Northern Ireland,48.3,6.3,15.4,0.0,183.3
2004,5,Scotland,61.4,5.6,14.2,0.8,182.9
2004,5,Wales,66.5,6.4,15.7,0.2,204.8
2004,6,England,56.1,10.5,19.8,0.0,200.3
2004,6,Northern Ireland,109.2,10.0,17.8,0.0,134.3
2004,6,Scotland,131.2,8.6,15.6,0.0,118.1
2004,6,Wales,74.1,10.1,18.2,0.0,186.2
2004,7,England,66.7,11.1,20.0,0.0,167.7
2004,7,Northern Ireland,62.2,10.0,17.5,0.0,134.4
2004,7,Scotland,75.3,9.1,16.5,0.0,131.5
2004,7,Wales,78.8,10.7,18.0,0.0,148.2
2004,8,England,147.2,13.0,21.4,0.0,175.7
2004,8,Northern Ireland,114.1,11.7,18.9,0.0,135.5
2004,8,Scotland,189.2,10.9,17.9,0.0,145.6
2004,8,Wales,157.1,12.3,19.9,0.0,159.8
2004,9,England,53.1,10.4,18.6,0.0,159.1
2004,9,Northern Ireland,105.6,10.0,16.4,0.0,113.5
2004,9,Scotland,174.8,8.3,15.1,0.0,118.2
2004,9,Wales,145.1,10.4,17.2,0.0,130.1
2004,10,England,130.9,7.1,13.7,0.0,95.6
2004,10,Northern Ireland,133.4,5.2,11.7,1.2,81.0
2004,10,Scotland,204.6,4.9,10.5,1.3,59.3
2004,10,Wales,257.0,6.6,12.7,0.0,89.9
2004,11,England,46.4,4.7,10.2,4.4,49.8
2004,11,Northern Ireland,60.7,5.7,10.2,1.8,34.8
2004,11,Scotland,121.6,3.3,8.7,5.9,41.0
2004,11,Wales,90.5,5.0,10.0,3.6,36.8
2004,12,England,58.8,2.0,8.3,8.9,53.5
2004,12,Northern Ireland,107.1,2.7,8.8,5.9,37.7
2004,12,Scotland,192.0,1.4,7.4,11.6,33.1
2004,12,Wales,132.9,3.0,8.5,6.2,46.6
2005,1,England,58.5,2.8,8.6,4.7,57.9
2005,1,Northern Ireland,135.3,3.1,8.6,4.5,35.9
2005,1,Scotland,240.0,1.6,7.1,9.5,32.1
2005,1,Wales,124.0,3.3,8.4,3.8,44.8
2005,2,England,45.9,1.3,6.8,10.5,72.2
2005,2,Northern Ireland,60.1,1.6,7.3,7.5,68.5
2005,2,Scotland,109.8,0.4,5.5,13.4,63.4
2005,2,Wales,78.3,1.0,6.5,12.0,67.5
2005,3,England,48.2,3.4,10.1,8.1,79.2
2005,3,Northern Ireland,76.6,4.0,10.5,5.9,89.6
2005,3,Scotland,112.4,2.5,8.4,9.5,84.1
2005,3,Wales,74.8,3.6,9.7,7.9,81.5
2005,4,England,68.0,4.4,12.9,2.3,147.0
2005,4,Northern Ireland,92.2,3.8,11.7,1.7,140.4
2005,4,Scotland,121.9,3.0,10.3,4.7,148.0
2005,4,Wales,114.7,4.4,12.0,2.4,141.6
2005,5,England,45.1,6.5,15.6,0.9,215.7
2005,5,Northern Ireland,102.5,5.5,13.9,0.5,182.6
2005,5,Scotland,115.9,4.2,12.4,3.4,182.1
2005,5,Wales,63.0,6.1,14.6,1.3,208.0
2005,6,England,53.7,10.3,19.9,0.0,190.4
2005,6,Northern Ireland,56.0,10.3,17.8,0.0,124.8
2005,6,Scotland,104.0,8.7,16.2,0.2,131.6
2005,6,Wales,74.6,10.1,18.4,0.0,172.2
2005,7,England,62.9,12.1,20.8,0.0,176.1
2005,7,Northern Ireland,46.1,11.3,18.7,0.0,117.7
2005,7,Scotland,48.5,9.7,17.3,0.0,142.4
2005,7,Wales,87.6,11.6,19.5,0.0,174.2
2005,8,England,57.9,10.9,20.9,0.0,209.9
2005,8,Northern Ireland,91.0,10.7,18.3,0.0,127.5
2005,8,Scotland,135.2,9.4,16.9,0.0,140.0
2005,8,Wales,69.7,10.4,19.3,0.0,201.5
2005,9,England,62.8,10.5,19.3,0.0,152.1
2005,9,Northern Ireland,89.3,9.8,16.9,0.0,100.4
2005,9,Scotland,138.4,8.6,15.4,0.1,99.6
2005,9,Wales,101.7,10.1,18.0,0.0,133.6
2005,10,England,106.0,9.7,15.9,0.0,80.5
2005,10,Northern Ireland,129.7,8.2,14.0,0.0,65.2
2005,10,Scotland,183.2,7.0,12.5,0.5,56.6
2005,10,Wales,216.7,9.4,14.7,0.0,74.3
2005,11,England,75.0,2.4,9.7,11.5,92.7
2005,11,Northern Ireland,82.7,2.7,9.5,6.6,72.8
2005,11,Scotland,171.8,1.6,7.8,11.3,53.2
2005,11,Wales,185.4,2.3,9.5,12.0,75.2
2005,12,England,61.6,1.0,7.4,12.1,59.2
2005,12,Northern Ireland,112.5,2.6,8.1,7.3,31.7
2005,12,Scotland,97.7,1.0,6.4,11.6,27.5
2005,12,Wales,113.3,1.9,7.6,9.7,42.0
2006,1,England,29.9,1.6,6.5,10.0,50.6
2006,1,Northern Ireland,51.3,1.9,7.6,7.4,40.1
2006,1,Scotland,108.2,0.6,6.0,12.0,33.7
2006,1,Wales,65.5,1.4,6.5,12.9,60.3
2006,2,England,52.5,0.9,6.3,10.3,68.4
2006,2,Northern Ireland,46.7,1.2,7.8,10.5,85.6
2006,2,Scotland,85.3,0.0,5.9,13.6,62.5
2006,2,Wales,79.9,0.8,5.9,11.6,62.9
2006,3,England,80.9,1.3,7.9,12.4,98.6
2006,3,Northern Ireland,142.7,1.5,8.3,10.3,90.6
2006,3,Scotland,135.3,-0.5,5.4,16.7,70.6
2006,3,Wales,173.8,1.4,7.4,11.8,85.0
2006,4,England,42.6,4.2,12.4,3.7,158.9
2006,4,Northern Ireland,72.5,3.3,11.5,3.2,163.9
2006,4,Scotland,107.9,1.9,9.6,7.3,166.5
2006,4,Wales,68.5,4.2,11.6,3.8,162.9
2006,5,England,100.8,7.5,16.1,0.1,172.2
2006,5,Northern Ireland,113.9,6.4,14.5,0.4,185.6
2006,5,Scotland,118.1,4.5,13.2,2.4,185.2
2006,5,Wales,164.9,7.1,15.1,0.1,157.8
2006,6,England,24.0,10.3,20.8,0.0,227.2
2006,6,Northern Ireland,36.2,9.5,18.8,0.0,189.8
2006,6,Scotland,74.8,8.4,17.1,0.0,171.0
2006,6,Wales,35.4,10.0,19.6,0.0,222.1
2006,7,England,41.2,13.4,25.2,0.0,288.6
2006,7,Northern Ireland,68.1,11.6,21.7,0.0,207.3
2006,7,Scotland,70.6,11.0,20.4,0.0,191.1
2006,7,Wales,51.7,12.6,23.1,0.0,254.4
2006,8,England,87.7,11.9,20.1,0.0,151.6
2006,8,Northern Ireland,91.1,11.1,18.1,0.0,111.2
2006,8,Scotland,96.5,9.8,16.8,0.0,113.4
2006,8,Wales,103.0,11.5,18.5,0.0,132.4
2006,9,England,73.5,12.3,20.7,0.0,156.9
2006,9,Northern Ireland,137.4,10.5,17.8,0.0,107.7
2006,9,Scotland,149.7,9.7,16.8,0.0,109.0
2006,9,Wales,83.2,11.4,19.1,0.0,147.2
2006,10,England,105.9,9.4,16.1,0.0,94.8
2006,10,Northern Ireland,126.2,8.2,14.7,0.0,85.5
2006,10,Scotland,192.6,6.8,12.9,0.2,66.4
2006,10,Wales,188.0,8.9,14.8,0.0,89.5
2006,11,England,95.9,4.3,11.5,3.4,93.6
2006,11,Northern Ireland,131.5,3.5,10.1,2.3,67.2
2006,11,Scotland,240.4,3.3,8.7,4.3,51.1
2006,11,Wales,198.0,4.2,11.0,4.3,78.3
2006,12,England,109.5,3.5,8.8,5.8,46.4
2006,12,Northern Ireland,139.0,2.9,8.3,4.2,43.9
2006,12,Scotland,260.8,1.7,7.0,8.4,37.2
2006,12,Wales,258.5,3.7,8.5,5.7,32.5
2007,1,England,95.7,3.8,9.5,4.5,62.0
2007,1,Northern Ireland,129.1,3.0,8.9,5.0,48.2
2007,1,Scotland,238.0,1.9,7.2,9.2,33.5
2007,1,Wales,203.3,4.0,9.1,4.1,47.1
2007,2,England,93.8,2.7,8.9,7.4,70.4
2007,2,Northern Ireland,87.0,1.7,8.5,8.4,69.6
2007,2,Scotland,131.4,1.2,6.7,9.6,60.5
2007,2,Wales,145.3,2.5,8.4,7.5,70.7
2007,3,England,56.1,2.9,11.0,3.3,155.2
2007,3,Northern Ireland,80.2,2.2,10.0,5.2,120.5
2007,3,Scotland,136.4,1.7,8.6,8.6,123.5
2007,3,Wales,104.1,2.7,10.1,3.7,139.2
2007,4,England,10.6,5.7,16.3,0.7,215.8
2007,4,Northern Ireland,28.8,5.4,15.2,1.1,193.7
2007,4,Scotland,52.6,4.5,13.3,2.5,178.7
2007,4,Wales,24.9,5.3,15.8,0.9,221.5
2007,5,England,107.2,7.5,16.0,0.0,164.0
2007,5,Northern Ireland,71.3,6.1,15.3,0.4,225.1
2007,5,Scotland,129.3,4.8,12.8,1.5,179.3
2007,5,Wales,129.7,6.9,15.2,0.4,184.0
2007,6,England,145.8,10.6,19.0,0.0,150.9
2007,6,Northern Ireland,147.2,9.5,17.4,0.0,141.7
2007,6,Scotland,109.6,8.5,15.6,0.1,124.6
2007,6,Wales,168.1,10.3,18.1,0.0,134.4
2007,7,England,124.7,11.2,19.2,0.0,181.3
2007,7,Northern Ireland,128.8,10.0,17.9,0.0,150.1
2007,7,Scotland,134.1,9.3,16.3,0.0,125.2
2007,7,Wales,204.3,10.6,17.3,0.0,162.4
2007,8,England,53.9,10.8,20.0,0.0,200.5
2007,8,Northern Ireland,105.1,10.6,17.7,0.0,116.5
2007,8,Scotland,138.3,9.1,16.1,0.0,123.8
2007,8,Wales,75.5,10.3,18.5,0.0,181.3
2007,9,England,44.1,9.4,18.0,0.1,149.7
2007,9,Northern Ireland,57.0,9.0,16.1,0.3,106.4
2007,9,Scotland,100.4,7.3,14.0,1.0,95.3
2007,9,Wales,92.0,9.4,16.6,0.1,131.2
2007,10,England,45.1,6.9,14.5,0.7,107.8
2007,10,Northern Ireland,56.5,7.5,14.6,0.3,86.5
2007,10,Scotland,99.3,6.0,12.8,1.2,87.2
2007,10,Wales,61.3,7.0,13.9,0.4,102.7
2007,11,England,70.1,3.7,10.6,5.0,72.0
2007,11,Northern Ireland,87.2,5.4,10.8,2.0,30.3
2007,11,Scotland,155.1,3.4,8.6,5.3,37.2
2007,11,Wales,93.3,4.4,10.4,5.4,51.7
2007,12,England,86.2,1.8,7.8,11.1,50.3
2007,12,Northern Ireland,112.7,2.7,8.8,5.1,32.7
2007,12,Scotland,142.0,0.3,6.3,14.2,34.6
2007,12,Wales,184.1,2.1,7.9,11.4,49.0
2008,1,England,129.1,3.3,9.2,3.3,47.9
2008,1,Northern Ireland,186.7,2.3,8.1,6.0,32.9
2008,1,Scotland,275.2,0.6,6.1,13.5,23.5
2008,1,Wales,246.2,3.5,8.9,3.3,34.6
2008,2,England,37.8,1.0,9.5,11.5,118.1
2008,2,Northern Ireland,60.9,1.7,9.3,8.7,82.2
2008,2,Scotland,159.3,0.6,7.7,11.6,75.1
2008,2,Wales,80.3,1.1,9.2,11.0,107.2
2008,3,England,91.7,2.4,9.4,6.1,118.9
2008,3,Northern Ireland,135.5,1.9,9.0,5.1,117.0
2008,3,Scotland,165.6,0.4,6.8,13.6,108.3
2008,3,Wales,147.3,2.4,8.7,5.5,109.9
2008,4,England,64.3,3.5,12.0,5.6,152.6
2008,4,Northern Ireland,47.1,3.4,11.6,4.0,174.6
2008,4,Scotland,97.7,2.0,9.5,8.7,151.7
2008,4,Wales,90.2,3.5,11.0,5.6,156.4
2008,5,England,62.1,8.2,17.7,0.2,193.5
2008,5,Northern Ireland,19.0,7.4,17.2,0.1,235.8
2008,5,Scotland,25.5,6.2,15.3,0.8,209.3
2008,5,Wales,60.9,8.3,17.2,0.0,184.8
2008,6,England,59.1,9.5,18.5,0.0,199.9
2008,6,Northern Ireland,76.9,8.1,17.2,0.0,157.2
2008,6,Scotland,107.5,7.4,15.3,0.2,143.9
2008,6,Wales,94.2,8.7,16.9,0.0,190.1
2008,7,England,100.5,11.7,20.6,0.0,189.4
2008,7,Northern Ireland,122.6,11.1,18.3,0.0,118.7
2008,7,Scotland,106.9,10.5,17.7,0.0,138.6
2008,7,Wales,150.5,11.4,18.8,0.0,155.4
2008,8,England,106.0,12.6,19.8,0.0,115.9
2008,8,Northern Ireland,205.7,11.5,17.8,0.0,70.5
2008,8,Scotland,156.3,10.4,16.7,0.0,93.6
2008,8,Wales,189.7,12.1,17.8,0.0,91.7
2008,9,England,96.2,9.4,17.2,0.0,114.7
2008,9,Northern Ireland,118.6,8.3,15.8,0.0,89.6
2008,9,Scotland,106.3,8.0,14.4,0.1,81.5
2008,9,Wales,154.8,8.7,16.1,0.0,109.3
2008,10,England,94.6,5.6,13.4,2.6,125.5
2008,10,Northern Ireland,142.7,4.7,11.9,1.4,94.8
2008,10,Scotland,236.1,3.9,10.4,4.5,86.4
2008,10,Wales,228.7,6.0,12.4,1.9,100.5
2008,11,England,81.6,4.1,9.5,4.5,56.8
2008,11,Northern Ireland,80.6,3.8,9.2,3.6,45.9
2008,11,Scotland,144.8,2.0,7.5,9.5,48.8
2008,11,Wales,127.9,4.4,9.3,4.2,50.2
2008,12,England,58.3,0.6,6.3,14.8,66.5
2008,12,Northern Ireland,79.2,0.5,7.0,14.1,37.9
2008,12,Scotland,135.5,-0.6,5.3,16.8,32.2
2008,12,Wales,94.9,0.4,6.4,16.3,63.5
2009,1,England,82.3,-0.0,5.8,14.7,55.5
2009,1,Northern Ireland,134.3,0.4,6.5,14.0,49.8
2009,1,Scotland,165.2,-0.2,5.3,16.7,41.6
2009,1,Wales,168.4,-0.2,5.9,14.8,62.5
2009,2,England,52.6,1.2,6.8,12.4,56.4
2009,2,Northern Ireland,37.7,1.9,7.5,11.0,53.1
2009,2,Scotland,82.9,0.3,5.5,12.7,44.6
2009,2,Wales,32.8,1.3,6.5,11.5,43.4
2009,3,England,41.0,2.5,10.9,5.8,155.9
2009,3,Northern Ireland,64.1,2.4,10.2,5.1,110.9
2009,3,Scotland,147.8,1.5,8.3,9.1,111.9
2009,3,Wales,68.0,2.5,9.8,5.7,130.4
2009,4,England,39.7,4.9,14.2,0.6,171.0
2009,4,Northern Ireland,110.1,4.7,12.7,0.3,148.0
2009,4,Scotland,80.3,3.8,11.8,3.0,142.1
2009,4,Wales,76.9,4.5,13.0,1.9,156.9
2009,5,England,54.3,7.2,16.5,0.0,215.3
2009,5,Northern Ireland,99.8,6.3,14.6,0.1,193.7
2009,5,Scotland,121.3,5.0,13.7,1.2,210.0
2009,5,Wales,93.1,6.9,14.8,0.0,187.6
2009,6,England,54.9,9.6,19.5,0.0,201.1
2009,6,Northern Ireland,59.4,8.6,18.7,0.0,231.5
2009,6,Scotland,70.7,7.8,16.6,0.4,201.8
2009,6,Wales,74.7,9.3,18.7,0.0,197.5
2009,7,England,128.5,11.8,20.3,0.0,182.0
2009,7,Northern Ireland,133.6,10.9,18.4,0.0,146.7
2009,7,Scotland,154.6,10.0,17.7,0.0,157.0
2009,7,Wales,226.4,11.6,18.2,0.0,147.7
2009,8,England,59.5,12.1,21.0,0.0,175.7
2009,8,Northern Ireland,165.1,10.9,18.0,0.0,115.8
2009,8,Scotland,200.3,10.2,16.9,0.0,126.6
2009,8,Wales,101.8,11.5,18.6,0.0,149.5
2009,9,England,30.0,9.9,18.3,0.0,144.9
2009,9,Northern Ireland,40.3,8.7,16.4,0.0,122.1
2009,9,Scotland,127.2,8.8,14.9,0.0,101.1
2009,9,Wales,53.1,9.1,16.7,0.0,129.0
2009,10,England,67.7,7.6,14.8,0.1,90.3
2009,10,Northern Ireland,117.2,7.4,13.9,0.2,69.6
2009,10,Scotland,166.4,5.9,11.9,1.4,73.8
2009,10,Wales,128.9,7.4,14.4,0.5,83.4
2009,11,England,170.8,5.5,11.1,0.5,68.1
2009,11,Northern Ireland,216.3,3.7,9.7,3.5,64.4
2009,11,Scotland,260.4,2.8,8.1,6.0,47.6
2009,11,Wales,318.7,5.5,10.5,0.3,45.6
2009,12,England,93.1,0.1,5.8,15.3,62.7
2009,12,Northern Ireland,78.1,-0.7,5.5,16.5,48.3
2009,12,Scotland,101.6,-2.5,3.7,22.2,28.7
2009,12,Wales,154.0,0.1,5.7,14.7,51.2
2010,1,England,67.2,-1.3,3.7,18.1,59.3
2010,1,Northern Ireland,87.9,-1.2,4.7,16.8,53.8
2010,1,Scotland,92.8,-2.5,3.0,20.9,40.7
2010,1,Wales,100.3,-1.7,4.0,19.4,59.1
2010,2,England,73.6,-0.2,5.5,15.5,57.4
2010,2,Northern Ireland,62.2,-1.3,5.4,18.5,60.0
2010,2,Scotland,82.3,-2.7,3.5,21.3,66.0
2010,2,Wales,60.9,-0.6,5.6,16.8,72.1
2010,3,England,58.8,1.9,9.8,10.0,124.0
2010,3,Northern Ireland,107.3,0.5,9.3,12.6,129.6
2010,3,Scotland,101.0,0.3,7.4,13.2,96.1
2010,3,Wales,99.6,1.1,9.0,13.1,127.7
2010,4,England,24.5,3.6,13.8,2.7,200.1
2010,4,Northern Ireland,56.7,3.3,13.0,5.5,157.6
2010,4,Scotland,85.4,2.6,10.7,6.6,148.3
2010,4,Wales,43.6,3.1,13.0,5.3,202.2
2010,5,England,29.5,5.7,15.4,1.7,203.3
2010,5,Northern Ireland,43.2,5.4,14.5,1.5,198.5
2010,5,Scotland,49.9,4.0,12.8,4.5,188.6
2010,5,Wales,53.4,5.4,14.7,2.0,211.4
2010,6,England,36.4,9.7,20.3,0.0,237.8
2010,6,Northern Ireland,45.6,9.7,18.9,0.0,187.6
2010,6,Scotland,39.5,8.5,17.0,0.0,155.2
2010,6,Wales,42.2,9.1,19.3,0.0,236.6
2010,7,England,61.0,12.6,21.6,0.0,158.9
2010,7,Northern Ireland,136.3,11.2,18.5,0.0,99.5
2010,7,Scotland,164.9,9.9,16.7,0.0,118.8
2010,7,Wales,158.6,12.1,18.8,0.0,112.5
2010,8,England,97.3,11.0,19.6,0.0,150.7
2010,8,Northern Ireland,62.0,9.5,17.5,0.0,164.5
2010,8,Scotland,102.3,8.8,16.2,0.0,135.8
2010,8,Wales,105.5,10.4,17.9,0.0,147.5
2010,9,England,78.5,9.6,17.7,0.0,133.8
2010,9,Northern Ireland,162.0,9.3,16.4,0.1,116.7
2010,9,Scotland,152.5,7.9,14.6,0.8,110.9
2010,9,Wales,152.5,9.3,16.6,0.2,131.1
2010,10,England,73.1,6.6,13.8,2.1,115.3
2010,10,Northern Ireland,64.6,5.4,13.3,2.3,105.0
2010,10,Scotland,147.5,4.9,11.2,3.2,84.0
2010,10,Wales,119.0,6.1,13.4,2.9,116.1
2010,11,England,91.5,2.3,8.0,9.8,68.1
2010,11,Northern Ireland,145.7,0.9,7.6,12.7,76.5
2010,11,Scotland,165.6,-0.0,5.5,15.0,53.6
2010,11,Wales,140.7,1.6,7.8,9.6,69.3
2010,12,England,35.1,-3.6,2.7,23.7,48.3
2010,12,Northern Ireland,67.3,-4.3,2.8,23.1,61.4
2010,12,Scotland,62.0,-4.9,1.7,24.8,40.2
2010,12,Wales,52.7,-4.1,2.9,24.1,45.4
2011,1,England,78.6,1.0,6.3,13.4,51.3
2011,1,Northern Ireland,66.1,-0.2,6.0,17.2,71.2
2011,1,Scotland,135.6,-0.6,4.8,17.6,41.0
2011,1,Wales,149.3,0.2,5.9,15.6,55.5
2011,2,England,77.9,3.4,8.9,3.0,47.1
2011,2,Northern Ireland,136.0,2.4,9.2,6.1,69.1
2011,2,Scotland,164.8,0.9,6.5,10.6,54.8
2011,2,Wales,130.6,3.4,8.6,3.5,50.8
2011,3,England,19.3,2.2,10.8,7.4,134.5
2011,3,Northern Ireland,53.6,1.6,10.3,9.4,119.8
2011,3,Scotland,104.0,1.1,7.9,11.0,89.2
2011,3,Wales,30.9,1.7,10.3,9.6,154.4
2011,4,England,11.6,6.2,16.9,0.2,218.2
2011,4,Northern Ireland,36.1,5.7,15.5,0.0,195.1
2011,4,Scotland,77.3,4.7,13.6,1.2,175.2
2011,4,Wales,30.8,6.1,15.8,0.3,207.8
2011,5,England,48.3,7.4,16.7,0.5,205.0
2011,5,Northern Ireland,106.9,7.2,14.1,0.0,170.4
2011,5,Scotland,188.6,5.5,13.1,1.5,175.2
2011,5,Wales,93.9,7.5,14.9,0.0,169.9
2011,6,England,69.9,9.1,18.7,0.0,195.9
2011,6,Northern Ireland,103.0,7.5,16.0,0.0,147.2
2011,6,Scotland,99.5,6.9,14.8,0.2,136.8
2011,6,Wales,110.0,8.3,16.9,0.2,199.1
2011,7,England,59.4,10.3,19.8,0.0,176.7
2011,7,Northern Ireland,69.6,9.5,17.9,0.0,145.2
2011,7,Scotland,98.7,8.5,17.0,0.0,158.7
2011,7,Wales,95.1,9.8,18.5,0.0,177.5
2011,8,England,78.2,11.1,19.6,0.0,145.1
2011,8,Northern Ireland,71.3,9.5,17.2,0.0,105.8
2011,8,Scotland,162.7,8.8,15.5,0.0,98.6
2011,8,Wales,83.4,10.5,17.8,0.0,128.3
2011,9,England,54.3,10.7,19.2,0.0,149.7
2011,9,Northern Ireland,122.9,9.9,16.2,0.0,91.3
2011,9,Scotland,187.6,8.7,15.0,0.0,96.2
2011,9,Wales,129.2,10.6,17.2,0.0,118.3
2011,10,England,62.8,8.5,16.0,0.3,116.8
2011,10,Northern Ireland,210.1,7.8,13.6,0.0,53.0
2011,10,Scotland,204.1,6.8,12.1,0.6,53.9
2011,10,Wales,126.8,8.7,14.8,0.2,83.4
2011,11,England,48.7,6.3,12.2,0.9,59.2
2011,11,Northern Ireland,130.1,5.7,11.7,1.4,66.1
2011,11,Scotland,177.7,4.8,10.5,2.6,55.3
2011,11,Wales,97.6,6.2,11.9,1.1,61.6
2011,12,England,103.8,2.7,8.5,5.5,50.0
2011,12,Northern Ireland,155.9,2.3,7.7,6.4,28.2
2011,12,Scotland,262.2,0.4,5.9,14.9,23.1
2011,12,Wales,211.1,3.6,8.6,3.6,28.0
2012,1,England,63.9,2.2,8.3,8.9,69.2
2012,1,Northern Ireland,114.0,2.9,8.1,3.8,42.7
2012,1,Scotland,181.7,0.6,5.8,13.3,43.7
2012,1,Wales,129.9,2.9,8.0,8.3,50.2
2012,2,England,29.9,0.7,7.1,13.2,73.5
2012,2,Northern Ireland,67.2,3.7,8.8,4.9,33.4
2012,2,Scotland,105.8,1.6,7.1,9.9,49.9
2012,2,Wales,64.3,1.2,7.0,11.6,59.8
2012,3,England,26.4,3.3,12.8,2.5,167.0
2012,3,Northern Ireland,25.5,4.3,12.0,3.0,117.4
2012,3,Scotland,57.5,3.2,10.9,4.6,124.9
2012,3,Wales,31.4,3.7,12.0,1.9,153.3
2012,4,England,136.5,3.1,11.1,4.5,128.1
2012,4,Northern Ireland,69.3,2.4,10.6,4.9,153.5
2012,4,Scotland,114.0,1.3,8.6,10.2,119.1
2012,4,Wales,169.2,2.9,10.2,5.1,121.1
2012,5,England,54.0,7.0,16.0,0.7,193.8
2012,5,Northern Ireland,60.3,5.8,15.0,1.4,195.7
2012,5,Scotland,82.9,4.2,13.3,4.7,203.1
2012,5,Wales,77.0,6.5,15.3,0.5,207.1
2012,6,England,148.2,9.7,17.1,0.0,118.2
2012,6,Northern Ireland,178.2,8.4,15.5,0.0,94.8
2012,6,Scotland,126.3,7.1,14.0,0.5,108.9
2012,6,Wales,218.6,9.5,16.0,0.0,118.7
2012,7,England,113.6,11.2,19.3,0.0,160.6
2012,7,Northern Ireland,104.5,9.8,17.2,0.0,112.0
2012,7,Scotland,125.3,8.9,15.6,0.0,97.9
2012,7,Wales,132.7,10.7,17.7,0.0,144.4
2012,8,England,89.5,12.1,20.8,0.0,161.6
2012,8,Northern Ireland,112.6,11.3,18.9,0.0,150.2
2012,8,Scotland,134.9,9.7,17.3,0.1,136.2
2012,8,Wales,156.8,12.0,18.9,0.0,134.1
2012,9,England,88.5,8.5,17.4,0.1,158.4
2012,9,Northern Ireland,108.5,8.2,15.4,0.2,117.9
2012,9,Scotland,145.9,7.1,13.5,0.8,112.2
2012,9,Wales,130.8,8.3,15.6,0.0,123.3
2012,10,England,107.1,5.9,12.7,1.3,95.6
2012,10,Northern Ireland,120.6,4.2,11.6,1.6,93.3
2012,10,Scotland,150.9,2.7,9.5,6.7,80.8
2012,10,Wales,148.8,5.9,12.1,1.5,88.4
2012,11,England,119.4,3.3,9.5,4.9,68.2
2012,11,Northern Ireland,83.2,2.6,8.5,6.4,58.5
2012,11,Scotland,158.8,1.7,7.3,9.4,51.5
2012,11,Wales,178.0,3.0,9.1,5.3,58.3
2012,12,England,148.9,1.6,7.6,10.2,56.0
2012,12,Northern Ireland,134.1,1.4,7.2,9.4,49.6
2012,12,Scotland,212.2,-0.2,5.0,15.6,28.4
2012,12,Wales,264.9,1.9,7.6,9.7,44.0
2013,1,England,79.1,1.0,5.8,14.4,43.8
2013,1,Northern Ireland,140.8,1.9,6.8,9.2,26.8
2013,1,Scotland,147.2,0.7,4.9,14.5,24.8
2013,1,Wales,140.3,1.4,6.0,15.1,36.4
2013,2,England,42.0,0.2,5.7,14.0,71.6
2013,2,Northern Ireland,74.7,0.8,7.0,10.5,80.1
2013,2,Scotland,81.7,-1.0,5.4,18.2,80.6
2013,2,Wales,76.2,0.2,5.7,13.8,69.0
2013,3,England,65.6,-0.3,5.5,18.0,76.0
2013,3,Northern Ireland,88.9,-0.0,5.5,16.2,65.0
2013,3,Scotland,51.6,-1.6,4.2,21.5,86.2
2013,3,Wales,88.1,-0.7,5.5,19.9,99.7
2013,4,England,31.4,2.9,11.5,8.0,168.0
2013,4,Northern Ireland,76.6,2.5,10.5,6.8,166.4
2013,4,Scotland,115.6,1.0,8.6,11.8,165.0
2013,4,Wales,54.0,2.5,10.3,8.9,159.4
2013,5,England,71.3,5.6,14.8,0.6,188.5
2013,5,Northern Ireland,105.4,5.7,13.5,0.3,164.7
2013,5,Scotland,118.0,4.4,12.5,2.7,155.1
2013,5,Wales,113.3,5.1,13.4,1.1,183.6
2013,6,England,35.6,9.1,18.1,0.0,182.6
2013,6,Northern Ireland,84.6,8.6,17.5,0.0,161.7
2013,6,Scotland,59.9,7.5,15.8,0.1,143.1
2013,6,Wales,62.4,8.6,17.1,0.0,188.0
2013,7,England,55.1,12.4,23.6,0.0,270.6
2013,7,Northern Ireland,72.3,12.2,21.8,0.0,222.8
2013,7,Scotland,81.5,10.8,19.8,0.0,202.6
2013,7,Wales,62.6,12.0,22.4,0.0,285.4
2013,8,England,58.8,12.1,21.5,0.0,186.6
2013,8,Northern Ireland,55.2,11.3,18.7,0.0,112.7
2013,8,Scotland,88.0,10.1,17.3,0.0,118.1
2013,8,Wales,108.6,11.6,19.4,0.0,153.1
2013,9,England,52.9,9.4,17.9,0.0,124.8
2013,9,Northern Ireland,68.6,9.3,16.3,0.0,96.4
2013,9,Scotland,100.7,7.7,14.6,0.2,101.1
2013,9,Wales,74.2,9.5,16.8,0.0,101.6
2013,10,England,136.6,9.1,15.3,0.0,86.5
2013,10,Northern Ireland,156.7,7.7,13.9,0.2,94.7
2013,10,Scotland,190.1,6.7,12.0,0.9,59.4
2013,10,Wales,224.9,9.2,14.5,0.0,72.1
2013,11,England,66.6,2.9,9.3,5.4,78.4
2013,11,Northern Ireland,65.7,2.7,8.9,4.4,69.1
2013,11,Scotland,128.4,1.1,7.3,11.8,58.8
2013,11,Wales,113.7,3.1,9.2,5.4,60.5
2013,12,England,117.8,2.7,9.3,2.9,54.5
2013,12,Northern Ireland,144.9,3.1,8.7,3.8,38.4
2013,12,Scotland,295.5,2.5,7.6,7.0,21.7
2013,12,Wales,224.9,3.3,9.1,3.4,37.8
2014,1,England,159.9,2.5,8.3,4.7,54.8
2014,1,Northern Ireland,173.2,1.7,7.2,5.1,38.1
2014,1,Scotland,214.1,1.2,5.7,9.1,24.7
2014,1,Wales,257.9,2.7,7.9,4.1,37.1
2014,2,England,123.2,3.1,8.9,1.7,87.2
2014,2,Northern Ireland,170.1,1.8,7.6,6.5,69.3
2014,2,Scotland,221.5,1.4,6.2,8.0,55.4
2014,2,Wales,241.6,3.1,7.8,1.9,73.8
2014,3,England,49.1,3.1,11.8,4.5,140.8
2014,3,Northern Ireland,86.2,2.7,9.9,6.9,93.8
2014,3,Scotland,129.4,2.3,8.6,6.5,106.8
2014,3,Wales,80.5,3.0,10.7,4.4,126.5
2014,4,England,53.1,5.8,14.1,0.7,146.1
2014,4,Northern Ireland,43.6,5.5,13.8,1.1,163.4
2014,4,Scotland,92.8,4.4,11.5,2.5,136.1
2014,4,Wales,78.9,5.3,13.2,0.5,148.1
2014,5,England,95.7,7.9,16.2,0.4,173.0
2014,5,Northern Ireland,89.2,7.6,14.9,0.0,108.1
2014,5,Scotland,99.1,6.1,13.5,1.1,117.0
2014,5,Wales,129.6,7.6,15.1,0.0,142.7
2014,6,England,46.3,10.3,19.7,0.0,203.1
2014,6,Northern Ireland,56.8,9.6,17.9,0.0,167.2
2014,6,Scotland,67.6,9.2,16.7,0.0,121.9
2014,6,Wales,57.5,9.5,18.8,0.0,220.2
2014,7,England,51.6,12.3,22.7,0.0,245.0
2014,7,Northern Ireland,66.8,11.3,20.1,0.0,155.5
2014,7,Scotland,86.2,10.1,19.1,0.0,191.8
2014,7,Wales,57.1,11.5,20.8,0.0,232.5
2014,8,England,107.4,10.6,19.4,0.0,188.2
2014,8,Northern Ireland,137.6,9.7,17.1,0.0,150.8
2014,8,Scotland,187.8,8.6,15.9,0.1,143.1
2014,8,Wales,143.3,10.3,17.6,0.0,163.3
2014,9,England,15.0,10.3,19.4,0.0,131.9
2014,9,Northern Ireland,9.4,8.8,17.8,0.0,116.7
2014,9,Scotland,39.3,8.9,16.1,0.0,99.4
2014,9,Wales,16.4,9.5,18.7,0.0,148.0
2014,10,England,102.7,8.9,15.6,0.1,92.8
2014,10,Northern Ireland,133.8,6.7,13.8,0.3,91.7
2014,10,Scotland,246.1,6.0,12.1,0.6,63.9
2014,10,Wales,177.3,8.5,14.5,0.0,75.7
2014,11,England,104.4,5.4,11.1,2.3,54.3
2014,11,Northern Ireland,176.9,4.2,10.2,1.3,58.8
2014,11,Scotland,137.9,3.7,9.0,3.2,41.1
2014,11,Wales,151.3,4.9,10.7,2.4,64.2
2014,12,England,74.5,2.0,8.1,10.8,72.5
2014,12,Northern Ireland,143.9,1.7,7.4,7.7,43.8
2014,12,Scotland,216.6,0.3,6.0,14.7,34.2
2014,12,Wales,159.6,2.3,8.1,9.3,51.6
2015,1,England,91.5,1.2,7.4,11.4,69.3
2015,1,Northern Ireland,141.7,0.6,6.7,12.6,58.6
2015,1,Scotland,250.8,-0.2,5.2,16.0,41.5
2015,1,Wales,187.7,1.7,7.1,10.1,52.5
2015,2,England,52.5,0.7,7.0,10.8,82.8
2015,2,Northern Ireland,82.5,0.8,7.0,9.6,63.2
2015,2,Scotland,123.3,0.1,5.8,13.5,66.0
2015,2,Wales,87.8,0.4,6.5,12.5,73.2
2015,3,England,48.4,2.4,10.0,5.1,128.3
2015,3,Northern Ireland,98.9,1.6,9.5,9.2,133.0
2015,3,Scotland,171.2,1.0,7.7,11.0,107.6
2015,3,Wales,97.4,2.0,9.0,8.2,120.6
2015,4,England,25.7,3.7,14.0,1.9,220.6
2015,4,Northern Ireland,60.9,2.6,12.8,3.6,209.3
2015,4,Scotland,78.3,1.8,10.9,7.7,196.3
2015,4,Wales,35.1,3.4,13.4,1.9,216.8
2015,5,England,79.6,6.6,15.0,0.4,182.4
2015,5,Northern Ireland,123.4,5.3,12.8,1.0,152.1
2015,5,Scotland,150.7,4.0,11.2,3.6,166.2
2015,5,Wales,134.9,6.3,13.4,0.0,161.9
2015,6,England,35.3,8.8,19.0,0.0,221.4
2015,6,Northern Ireland,45.5,7.9,16.7,0.0,177.8
2015,6,Scotland,91.7,6.8,14.5,0.5,127.4
2015,6,Wales,59.6,8.6,17.4,0.0,220.2
2015,7,England,79.2,11.1,20.4,0.0,186.2
2015,7,Northern Ireland,119.7,9.6,17.0,0.0,114.7
2015,7,Scotland,151.0,8.7,15.9,0.0,124.6
2015,7,Wales,113.9,10.8,18.0,0.0,166.6
2015,8,England,92.3,11.5,20.3,0.0,156.5
2015,8,Northern Ireland,120.1,9.7,17.6,0.0,135.3
2015,8,Scotland,116.5,9.2,16.7,0.0,136.3
2015,8,Wales,128.9,10.6,18.2,0.0,146.6
2015,9,England,50.9,8.0,17.1,0.0,168.8
2015,9,Northern Ireland,45.9,8.1,15.5,0.0,125.4
2015,9,Scotland,49.5,7.0,14.7,0.0,124.2
2015,9,Wales,71.7,7.4,16.1,0.0,165.5
2015,10,England,60.3,7.1,14.4,0.0,91.6
2015,10,Northern Ireland,69.7,6.0,13.7,0.3,100.9
2015,10,Scotland,92.0,5.1,12.4,1.2,86.3
2015,10,Wales,71.5,6.4,13.8,0.1,90.5
2015,11,England,117.6,6.2,12.1,2.4,36.8
2015,11,Northern Ireland,189.9,4.9,11.1,1.3,39.7
2015,11,Scotland,239.8,3.5,8.8,4.9,33.6
2015,11,Wales,245.9,6.3,11.9,2.4,31.1
2015,12,England,133.5,6.7,12.0,0.6,35.0
2015,12,Northern Ireland,219.6,3.9,9.9,3.1,31.0
2015,12,Scotland,322.6,2.6,8.3,7.3,20.5
2015,12,Wales,334.1,6.8,11.5,0.0,22.7
2016,1,England,124.3,2.3,8.2,7.9,47.3
2016,1,Northern Ireland,175.7,2.4,7.6,8.3,36.8
2016,1,Scotland,251.4,0.7,5.4,14.3,20.9
2016,1,Wales,243.8,2.7,8.1,6.1,36.6
2016,2,England,72.7,1.4,8.0,10.8,93.4
2016,2,Northern Ireland,109.3,0.8,7.3,11.7,71.3
2016,2,Scotland,162.6,-0.8,5.2,17.9,74.2
2016,2,Wales,147.5,1.4,7.4,10.1,75.8
2016,3,England,78.3,1.8,9.4,6.8,123.1
2016,3,Northern Ireland,72.1,2.4,9.7,5.3,113.2
2016,3,Scotland,89.7,1.2,8.0,10.8,104.0
2016,3,Wales,104.4,1.6,8.9,8.1,124.1
2016,4,England,62.5,3.0,11.6,4.9,168.7
2016,4,Northern Ireland,78.3,2.5,10.3,6.0,149.5
2016,4,Scotland,99.0,1.5,8.8,10.0,145.1
2016,4,Wales,87.9,3.0,10.9,5.6,172.2
2016,5,England,51.4,7.4,16.8,0.5,208.3
2016,5,Northern Ireland,59.0,6.4,16.0,0.3,218.3
2016,5,Scotland,72.7,5.6,14.2,1.1,203.7
2016,5,Wales,85.2,7.4,16.3,0.3,216.3
2016,6,England,95.3,10.7,18.8,0.0,129.9
2016,6,Northern Ireland,88.9,10.2,18.2,0.0,130.7
2016,6,Scotland,89.4,8.6,16.1,0.0,141.1
2016,6,Wales,131.4,10.8,18.2,0.0,141.3
2016,7,England,39.9,12.2,21.1,0.0,190.4
2016,7,Northern Ireland,97.9,10.9,18.4,0.0,110.1
2016,7,Scotland,137.6,9.8,16.5,0.0,108.6
2016,7,Wales,86.3,11.7,18.7,0.0,154.9
2016,8,England,64.5,12.2,21.5,0.0,209.9
2016,8,Northern Ireland,67.6,11.5,18.6,0.0,130.6
2016,8,Scotland,117.8,9.7,17.1,0.1,143.5
2016,8,Wales,103.7,11.8,19.4,0.0,170.8
2016,9,England,62.6,11.8,19.8,0.0,135.4
2016,9,Northern Ireland,96.6,10.2,17.1,0.0,96.3
2016,9,Scotland,142.0,9.5,16.0,0.0,96.3
2016,9,Wales,135.3,11.1,18.0,0.0,120.4
2016,10,England,36.3,7.0,14.2,0.0,111.1
2016,10,Northern Ireland,44.6,6.6,13.3,0.2,90.6
2016,10,Scotland,65.6,4.9,11.9,1.6,95.2
2016,10,Wales,45.0,6.6,13.5,0.1,106.8
2016,11,England,100.1,2.4,8.9,6.3,81.1
2016,11,Northern Ireland,81.1,2.0,8.3,8.4,76.3
2016,11,Scotland,113.4,0.2,6.5,13.4,63.3
2016,11,Wales,118.1,2.4,8.6,6.5,70.7
2016,12,England,35.6,2.8,9.1,7.1,52.3
2016,12,Northern Ireland,78.4,3.6,9.3,2.6,41.3
2016,12,Scotland,145.0,2.8,8.5,6.3,20.4
2016,12,Wales,82.4,3.3,9.1,6.6,40.3
2017,1,England,62.8,0.8,6.7,14.6,61.8
2017,1,Northern Ireland,54.9,2.5,7.8,8.8,46.6
2017,1,Scotland,99.9,0.7,6.4,14.6,45.9
2017,1,Wales,83.3,1.8,7.2,11.0,49.0
2017,2,England,61.8,3.3,8.6,4.0,54.3
2017,2,Northern Ireland,74.3,2.3,8.3,7.1,46.1
2017,2,Scotland,142.2,1.2,6.7,10.3,60.1
2017,2,Wales,119.1,3.2,8.1,6.2,42.9
2017,3,England,69.9,4.7,12.1,1.2,123.2
2017,3,Northern Ireland,106.0,3.4,11.0,5.2,118.8
2017,3,Scotland,127.3,1.8,9.0,9.8,117.3
2017,3,Wales,155.1,4.1,10.9,2.2,98.3
2017,4,England,17.6,4.1,13.5,2.4,181.6
2017,4,Northern Ireland,25.1,4.8,11.7,0.6,104.2
2017,4,Scotland,62.9,3.2,10.2,4.3,128.0
2017,4,Wales,25.5,4.1,12.3,2.8,161.7
2017,5,England,57.1,8.2,17.5,0.2,198.3
2017,5,Northern Ireland,56.4,6.9,17.1,0.1,252.4
2017,5,Scotland,53.6,6.0,15.4,1.0,212.7
2017,5,Wales,71.4,8.0,16.9,0.5,215.6
2017,6,England,82.1,11.5,20.3,0.0,188.3
2017,6,Northern Ireland,103.8,10.0,17.6,0.0,115.0
2017,6,Scotland,152.8,8.9,15.5,0.2,106.4
2017,6,Wales,130.8,11.0,18.3,0.0,160.7
2017,7,England,90.8,12.1,20.9,0.0,181.7
2017,7,Northern Ireland,122.5,10.3,18.6,0.0,166.0
2017,7,Scotland,109.8,9.2,16.7,0.0,143.2
2017,7,Wales,121.1,11.4,19.4,0.0,177.1
2017,8,England,72.4,11.2,20.0,0.0,177.9
2017,8,Northern Ireland,123.1,10.1,17.9,0.0,124.8
2017,8,Scotland,146.3,9.4,16.4,0.0,124.6
2017,8,Wales,111.3,10.8,18.2,0.0,146.7
2017,9,England,91.2,9.5,17.3,0.0,118.5
2017,9,Northern Ireland,145.7,8.4,15.5,0.0,106.7
2017,9,Scotland,140.7,8.1,14.2,0.0,93.0
2017,9,Wales,171.5,9.2,16.0,0.0,104.0
2017,10,England,53.9,9.0,15.3,0.3,84.6
2017,10,Northern Ireland,105.4,7.7,13.9,0.0,56.8
2017,10,Scotland,177.9,6.7,12.5,1.0,55.4
2017,10,Wales,109.3,8.7,14.3,0.5,69.6
2017,11,England,67.5,3.2,9.9,5.6,83.4
2017,11,Northern Ireland,112.5,3.1,8.7,3.6,60.1
2017,11,Scotland,163.3,1.5,6.7,9.9,55.5
2017,11,Wales,145.9,3.6,9.8,5.6,59.0
2017,12,England,98.0,1.7,7.6,11.5,55.2
2017,12,Northern Ireland,115.8,2.1,7.4,10.4,34.4
2017,12,Scotland,146.2,0.2,5.7,16.2,31.1
2017,12,Wales,171.3,2.3,7.6,9.4,39.4
2018,1,England,90.4,2.3,7.9,6.3,55.7
2018,1,Northern Ireland,179.3,1.2,6.6,9.5,49.4
2018,1,Scotland,184.1,-0.3,4.6,16.2,39.3
2018,1,Wales,170.1,2.1,7.5,7.9,47.5
2018,2,England,48.6,-0.4,5.7,15.6,101.6
2018,2,Northern Ireland,83.0,-0.4,6.2,15.8,96.9
2018,2,Scotland,96.8,-1.3,4.4,19.1,92.8
2018,2,Wales,78.1,-0.2,5.6,14.2,96.5
2018,3,England,103.0,1.4,7.9,10.6,79.6
2018,3,Northern Ireland,81.5,0.6,7.3,12.6,84.8
2018,3,Scotland,99.4,-0.4,5.2,16.7,89.6
2018,3,Wales,140.9,0.9,7.1,10.9,84.7
2018,4,England,78.3,5.9,13.2,0.6,123.5
2018,4,Northern Ireland,80.7,4.3,11.6,3.8,128.5
2018,4,Scotland,85.0,3.1,10.2,5.9,146.7
2018,4,Wales,115.1,5.1,12.1,2.0,124.6
2018,5,England,44.9,7.5,18.3,0.4,254.1
2018,5,Northern Ireland,53.8,7.0,16.6,0.1,216.0
2018,5,Scotland,48.1,5.9,15.6,1.2,224.3
2018,5,Wales,60.4,6.8,17.0,0.7,232.2
2018,6,England,14.6,10.5,21.1,0.0,242.1
2018,6,Northern Ireland,50.6,9.7,20.1,0.0,226.5
2018,6,Scotland,69.2,8.4,17.8,0.0,215.3
2018,6,Wales,20.4,10.3,20.5,0.0,261.0
2018,7,England,36.0,12.8,24.8,0.0,269.3
2018,7,Northern Ireland,71.9,11.3,20.1,0.0,174.4
2018,7,Scotland,79.3,10.6,19.4,0.0,182.2
2018,7,Wales,62.6,11.9,22.6,0.0,246.9
2018,8,England,66.3,12.1,21.3,0.0,169.4
2018,8,Northern Ireland,98.9,10.7,17.9,0.0,110.1
2018,8,Scotland,103.8,9.5,16.4,0.0,118.5
2018,8,Wales,99.2,11.4,18.9,0.0,138.5
2018,9,England,59.4,9.1,18.1,0.0,154.0
2018,9,Northern Ireland,55.5,7.8,15.2,0.1,97.5
2018,9,Scotland,171.1,7.2,13.7,0.2,104.4
2018,9,Wales,134.6,8.8,16.2,0.3,124.7
2018,10,England,64.8,6.5,14.6,2.6,130.4
2018,10,Northern Ireland,69.7,5.9,12.5,2.5,93.1
2018,10,Scotland,168.5,4.8,11.3,4.4,82.1
2018,10,Wales,132.0,5.8,13.3,3.7,114.8
2018,11,England,89.7,5.0,10.8,2.3,68.1
2018,11,Northern Ireland,144.2,4.4,10.1,2.1,60.0
2018,11,Scotland,158.7,3.5,8.9,4.1,52.5
2018,11,Wales,164.4,4.8,10.2,2.8,58.2
2018,12,England,98.9,3.8,9.2,3.9,44.0
2018,12,Northern Ireland,108.9,4.1,8.9,2.4,23.8
2018,12,Scotland,131.1,1.6,6.8,9.6,30.4
2018,12,Wales,189.5,4.8,9.1,2.4,19.6
2019,1,England,37.7,1.0,6.6,13.3,56.8
2019,1,Northern Ireland,55.1,2.6,7.1,8.1,36.0
2019,1,Scotland,106.8,-0.2,5.2,17.2,47.4
2019,1,Wales,81.6,1.6,6.5,12.0,36.0
2019,2,England,47.7,2.1,10.9,7.1,120.1
2019,2,Northern Ireland,78.6,3.2,10.1,5.0,78.9
2019,2,Scotland,104.2,1.6,8.5,8.6,66.1
2019,2,Wales,87.6,2.4,10.4,6.1,104.7
2019,3,England,88.2,4.1,11.3,1.5,128.2
2019,3,Northern Ireland,160.7,3.4,10.0,2.7,85.9
2019,3,Scotland,178.6,2.4,8.1,7.4,99.7
2019,3,Wales,176.9,3.8,10.1,2.7,111.0
2019,4,England,35.3,3.8,13.7,4.5,180.4
2019,4,Northern Ireland,73.4,4.9,12.2,1.3,118.4
2019,4,Scotland,52.8,3.3,11.7,5.2,161.7
2019,4,Wales,98.1,4.5,13.1,2.7,154.7
2019,5,England,42.3,6.1,15.9,0.5,202.1
2019,5,Northern Ireland,59.5,5.5,14.1,1.3,151.7
2019,5,Scotland,104.4,4.2,12.5,4.0,164.5
2019,5,Wales,47.2,5.7,14.9,1.6,198.3
2019,6,England,107.3,9.9,18.6,0.0,164.4
2019,6,Northern Ireland,106.6,8.5,16.6,0.0,152.7
2019,6,Scotland,102.5,7.8,15.5,0.0,157.9
2019,6,Wales,146.7,9.6,16.9,0.0,139.9
2019,7,England,70.5,12.6,22.4,0.0,201.1
2019,7,Northern Ireland,82.9,11.9,19.3,0.0,132.1
2019,7,Scotland,128.6,11.2,18.4,0.0,131.5
2019,7,Wales,58.8,11.8,20.4,0.0,181.8
2019,8,England,83.7,12.4,21.7,0.0,205.1
2019,8,Northern Ireland,152.5,11.3,18.9,0.0,152.4
2019,8,Scotland,207.9,10.5,17.4,0.0,128.6
2019,8,Wales,144.0,12.3,19.4,0.0,176.4
2019,9,England,113.5,9.7,18.5,0.0,164.3
2019,9,Northern Ireland,110.3,9.0,16.5,0.0,119.7
2019,9,Scotland,131.8,8.0,14.9,0.0,109.3
2019,9,Wales,193.4,9.6,17.1,0.0,150.5
2019,10,England,128.0,6.6,13.3,0.8,86.6
2019,10,Northern Ireland,99.4,5.2,12.0,1.9,106.2
2019,10,Scotland,148.0,4.1,10.3,5.0,90.7
2019,10,Wales,208.0,6.2,12.6,1.1,79.3
2019,11,England,119.6,3.5,8.8,4.8,48.7
2019,11,Northern Ireland,119.6,2.7,8.3,7.0,51.6
2019,11,Scotland,102.4,1.1,6.1,12.7,47.3
2019,11,Wales,177.6,3.4,8.4,4.0,44.6
2019,12,England,105.7,2.7,8.5,6.0,57.6
2019,12,Northern Ireland,110.5,2.8,8.0,5.8,45.2
2019,12,Scotland,189.9,1.6,6.7,10.0,28.2
2019,12,Wales,184.6,3.0,8.3,5.1,41.0
2020,1,England,74.1,3.5,8.8,3.9,56.0
2020,1,Northern Ireland,69.9,2.5,8.2,5.3,42.0
2020,1,Scotland,202.5,2.2,7.3,7.8,27.3
2020,1,Wales,146.1,3.2,8.3,4.2,45.9
2020,2,England,160.9,3.0,9.3,3.4,79.3
2020,2,Northern Ireland,231.8,1.6,7.6,4.8,74.1
2020,2,Scotland,277.3,0.4,5.8,12.5,65.7
2020,2,Wales,295.3,3.1,8.5,3.1,64.2
2020,3,England,50.7,2.5,10.4,5.8,156.2
2020,3,Northern Ireland,69.7,2.0,9.3,7.6,128.6
2020,3,Scotland,120.6,0.9,7.5,11.6,101.7
2020,3,Wales,103.0,2.2,9.6,6.6,142.1
2020,4,England,28.8,4.8,15.6,1.5,236.7
2020,4,Northern Ireland,23.9,4.1,13.9,1.9,207.0
2020,4,Scotland,30.3,2.4,11.8,5.7,203.7
2020,4,Wales,40.7,4.8,15.1,2.2,219.3
2020,5,England,9.6,6.6,18.1,1.6,299.4
2020,5,Northern Ireland,30.9,6.1,15.9,1.8,223.3
2020,5,Scotland,76.8,5.1,14.5,3.8,215.0
2020,5,Wales,14.5,6.2,17.0,2.2,285.8
2020,6,England,91.2,10.4,19.5,0.0,181.9
2020,6,Northern Ireland,122.5,9.5,17.4,0.0,118.0
2020,6,Scotland,123.2,8.8,16.5,0.1,134.9
2020,6,Wales,140.9,10.1,18.1,0.0,157.8
2020,7,England,66.0,11.3,20.0,0.0,166.0
2020,7,Northern Ireland,121.2,10.2,17.0,0.0,83.1
2020,7,Scotland,134.0,8.8,15.9,0.0,119.6
2020,7,Wales,121.3,10.8,17.8,0.0,143.5
2020,8,England,114.6,13.1,21.7,0.0,160.8
2020,8,Northern Ireland,153.6,11.2,18.6,0.0,113.5
2020,8,Scotland,112.3,9.9,17.2,0.0,129.7
2020,8,Wales,184.4,12.5,19.6,0.0,127.4
2020,9,England,47.8,9.3,18.6,0.0,165.4
2020,9,Northern Ireland,78.1,8.6,16.4,0.5,124.3
2020,9,Scotland,125.4,7.3,14.7,1.1,112.5
2020,9,Wales,80.8,8.8,17.3,0.1,153.7
2020,10,England,144.2,7.2,13.4,0.1,68.1
2020,10,Northern Ireland,160.5,6.2,12.3,0.1,95.9
2020,10,Scotland,241.3,5.1,10.7,0.5,60.5
2020,10,Wales,219.8,6.9,12.5,0.0,63.2
2020,11,England,64.1,5.3,11.5,2.7,60.9
2020,11,Northern Ireland,120.4,4.9,10.4,0.8,41.6
2020,11,Scotland,161.2,4.0,9.3,3.7,42.5
2020,11,Wales,137.0,5.0,11.0,2.8,54.2
2020,12,England,137.0,2.2,7.4,8.3,45.5
2020,12,Northern Ireland,136.5,1.8,7.0,7.5,37.4
2020,12,Scotland,196.8,1.1,5.7,12.0,26.2
2020,12,Wales,262.9,2.5,7.4,7.1,30.0
2021,1,England,128.4,0.2,5.7,16.7,41.9
2021,1,Northern Ireland,124.1,0.1,5.7,15.5,55.3
2021,1,Scotland,142.6,-2.0,3.2,23.0,48.6
2021,1,Wales,213.3,0.7,5.9,15.0,34.5
2021,2,England,75.4,1.7,7.9,10.5,74.4
2021,2,Northern Ireland,111.5,2.3,7.7,6.2,62.0
2021,2,Scotland,139.8,-0.2,5.2,12.1,69.3
2021,2,Wales,159.6,1.7,7.4,10.4,66.5
2021,3,England,50.4,3.3,10.7,4.0,112.5
2021,3,Northern Ireland,77.7,3.7,10.0,2.9,71.7
2021,3,Scotland,147.0,2.2,8.4,6.9,89.0
2021,3,Wales,98.4,3.0,9.9,6.6,107.7
2021,4,England,11.0,0.9,11.5,12.9,228.4
2021,4,Northern Ireland,23.3,1.7,11.3,9.0,216.2
2021,4,Scotland,37.0,-0.4,9.6,16.7,214.5
2021,4,Wales,17.1,1.1,11.3,11.5,233.9
2021,5,England,113.7,5.5,14.4,1.8,167.2
2021,5,Northern Ireland,107.7,4.6,13.7,2.6,194.9
2021,5,Scotland,110.2,3.7,11.8,4.5,142.7
2021,5,Wales,213.9,5.3,13.3,2.6,171.4
2021,6,England,49.7,10.7,20.0,0.0,193.6
2021,6,Northern Ireland,38.7,9.3,17.8,0.0,152.6
2021,6,Scotland,40.7,8.4,16.9,0.2,165.7
2021,6,Wales,32.7,9.6,18.7,0.0,176.9
2021,7,England,80.1,12.8,22.1,0.0,200.7
2021,7,Northern Ireland,46.0,11.9,21.1,0.0,181.2
2021,7,Scotland,68.8,11.0,19.2,0.0,170.4
2021,7,Wales,82.4,12.1,21.1,0.0,205.6
2021,8,England,48.3,11.8,19.8,0.0,131.4
2021,8,Northern Ireland,108.0,11.3,18.6,0.0,103.4
2021,8,Scotland,87.2,10.0,17.5,0.0,124.8
2021,8,Wales,77.6,11.1,18.4,0.0,124.0
2021,9,England,59.9,11.4,20.1,0.0,140.8
2021,9,Northern Ireland,83.8,10.7,17.8,0.0,73.3
2021,9,Scotland,109.7,9.6,16.3,0.1,89.2
2021,9,Wales,122.4,10.9,18.8,0.0,121.5
2021,10,England,129.0,8.5,15.1,0.1,95.5
2021,10,Northern Ireland,131.0,7.7,14.1,0.0,88.5
2021,10,Scotland,226.5,6.5,12.0,0.9,53.9
2021,10,Wales,215.2,8.6,14.2,0.0,77.7
2021,11,England,40.0,4.1,10.5,4.7,70.7
2021,11,Northern Ireland,69.9,4.9,10.3,1.1,45.6
2021,11,Scotland,153.1,3.6,8.9,4.7,42.1
2021,11,Wales,73.3,4.4,10.2,4.9,52.7
2021,12,England,91.4,3.6,8.6,4.7,29.9
2021,12,Northern Ireland,134.3,3.7,8.5,1.0,21.3
2021,12,Scotland,128.7,0.9,6.0,13.0,22.7
2021,12,Wales,191.8,4.1,8.8,4.2,27.5
2022,1,England,32.3,1.3,8.0,12.1,81.3
2022,1,Northern Ireland,57.0,3.0,8.2,4.5,44.7
2022,1,Scotland,113.7,2.2,7.2,7.9,37.6
2022,1,Wales,70.7,1.7,7.8,10.5,56.5
2022,2,England,99.7,3.1,9.9,2.6,85.0
2022,2,Northern Ireland,151.2,2.7,8.7,4.8,54.2
2022,2,Scotland,225.9,1.0,6.6,10.8,63.0
2022,2,Wales,205.7,3.6,9.2,1.8,60.5
2022,3,England,43.2,3.2,11.8,3.7,168.9
2022,3,Northern Ireland,48.9,2.0,11.2,7.3,187.5
2022,3,Scotland,62.0,0.8,9.8,11.5,157.2
2022,3,Wales,52.7,2.7,11.4,4.9,159.3
2022,4,England,24.9,4.0,13.7,5.2,186.9
2022,4,Northern Ireland,70.0,3.8,12.3,4.6,162.5
2022,4,Scotland,87.8,2.7,10.8,7.1,136.2
2022,4,Wales,47.5,3.6,13.0,5.3,163.7
2022,5,England,52.1,8.3,17.2,0.0,171.6
2022,5,Northern Ireland,88.5,8.1,15.4,0.0,139.8
2022,5,Scotland,120.2,6.9,13.7,0.1,128.5
2022,5,Wales,63.9,8.0,15.7,0.0,150.4
2022,6,England,45.9,9.7,20.0,0.0,221.4
2022,6,Northern Ireland,84.4,9.5,17.2,0.0,119.4
2022,6,Scotland,80.7,8.5,16.6,0.0,168.6
2022,6,Wales,75.9,9.0,18.1,0.0,198.3
2022,7,England,23.4,12.7,23.5,0.0,213.6
2022,7,Northern Ireland,47.6,11.7,19.3,0.0,100.1
2022,7,Scotland,88.3,10.5,18.1,0.0,130.4
2022,7,Wales,53.2,11.7,21.1,0.0,187.7
2022,8,England,35.5,12.8,24.0,0.0,238.2
2022,8,Northern Ireland,43.9,10.8,20.2,0.0,190.0
2022,8,Scotland,82.0,9.8,18.1,0.0,157.5
2022,8,Wales,42.9,11.8,22.0,0.0,225.3
2022,9,England,78.3,9.9,18.6,0.0,127.2
2022,9,Northern Ireland,131.5,9.6,16.7,0.0,119.9
2022,9,Scotland,140.0,8.5,15.4,0.0,108.2
2022,9,Wales,121.9,9.5,17.5,0.0,103.7
2022,10,England,106.9,8.9,16.4,0.0,130.1
2022,10,Northern Ireland,172.0,7.9,14.0,0.0,75.3
2022,10,Scotland,200.6,7.1,12.4,0.4,67.8
2022,10,Wales,180.5,8.7,15.2,0.0,106.0
2022,11,England,143.2,6.2,11.7,0.7,58.8
2022,11,Northern Ireland,118.4,5.1,11.0,1.0,67.6
2022,11,Scotland,205.5,4.4,9.6,3.4,47.0
2022,11,Wales,210.1,5.9,11.2,0.7,57.2
2022,12,England,93.3,0.4,6.6,12.9,58.5
2022,12,Northern Ireland,88.4,0.6,6.2,13.4,50.3
2022,12,Scotland,151.3,-1.0,4.4,17.6,31.1
2022,12,Wales,169.0,0.4,6.5,13.3,47.5
2023,1,England,91.4,1.8,8.0,9.8,76.3
2023,1,Northern Ireland,102.2,2.2,7.7,7.9,49.4
2023,1,Scotland,178.8,0.6,6.0,13.2,42.5
2023,1,Wales,198.2,2.2,7.8,9.0,56.5
2023,2,England,15.5,2.7,9.6,7.6,85.6
2023,2,Northern Ireland,34.9,3.9,9.4,4.2,40.1
2023,2,Scotland,102.1,2.2,7.9,7.0,49.3
2023,2,Wales,26.9,2.7,8.9,8.4,74.4
2023,3,England,122.8,3.5,10.0,5.6,76.6
2023,3,Northern Ireland,142.7,2.7,9.8,7.7,84.2
2023,3,Scotland,132.2,0.3,7.1,13.8,95.8
2023,3,Wales,210.5,3.5,9.0,6.4,66.4
2023,4,England,68.1,4.2,12.7,2.7,160.4
2023,4,Northern Ireland,89.6,4.7,12.5,2.5,134.4
2023,4,Scotland,76.4,2.7,10.7,6.0,160.3
2023,4,Wales,83.8,4.2,12.0,3.0,142.6
2023,5,England,39.4,7.5,17.1,0.0,225.3
2023,5,Northern Ireland,48.9,7.2,16.4,0.0,172.4
2023,5,Scotland,39.5,6.2,14.5,0.4,169.0
2023,5,Wales,35.9,7.0,16.8,0.0,243.5
2023,6,England,41.9,11.2,22.2,0.0,256.2
2023,6,Northern Ireland,67.8,10.9,21.0,0.0,225.8
2023,6,Scotland,75.3,9.5,19.4,0.1,224.5
2023,6,Wales,49.4,11.1,21.4,0.0,238.9
2023,7,England,122.0,12.0,20.2,0.0,155.3
2023,7,Northern Ireland,181.0,11.0,17.9,0.0,103.9
2023,7,Scotland,158.0,9.6,16.9,0.0,128.9
2023,7,Wales,179.8,11.7,18.3,0.0,126.2
2023,8,England,73.1,12.0,20.6,0.0,169.3
2023,8,Northern Ireland,118.8,11.2,18.6,0.0,122.3
2023,8,Scotland,103.4,10.3,17.4,0.0,131.6
2023,8,Wales,121.8,11.8,18.6,0.0,127.9
2023,9,England,84.1,12.1,21.1,0.0,153.9
2023,9,Northern Ireland,135.8,10.4,18.0,0.0,122.7
2023,9,Scotland,170.3,9.0,16.6,0.1,122.2
2023,9,Wales,161.1,11.8,19.4,0.0,129.5
2023,10,England,151.4,8.6,15.6,0.4,93.5
2023,10,Northern Ireland,183.9,7.8,13.9,0.5,81.0
2023,10,Scotland,210.0,5.5,11.1,2.3,70.1
2023,10,Wales,216.4,8.5,14.6,0.2,81.9
2023,11,England,112.9,4.3,10.2,4.2,75.0
2023,11,Northern Ireland,95.3,3.6,9.8,4.0,63.1
2023,11,Scotland,126.1,1.5,7.4,10.5,51.0
2023,11,Wales,175.5,4.7,9.9,3.4,52.0
2023,12,England,148.2,4.3,9.3,5.6,28.6
2023,12,Northern Ireland,178.6,4.1,8.9,4.9,25.8
2023,12,Scotland,255.8,1.1,6.3,12.4,26.3
2023,12,Wales,266.3,4.7,9.2,4.4,22.7
2024,1,England,87.7,1.6,7.3,9.7,68.9
2024,1,Northern Ireland,88.9,1.1,7.2,10.9,56.3
2024,1,Scotland,174.6,-0.4,5.4,15.5,46.0
2024,1,Wales,167.0,1.7,7.0,11.2,57.8
2024,2,England,131.6,4.5,10.5,3.1,52.7
2024,2,Northern Ireland,87.4,3.3,9.4,3.7,63.9
2024,2,Scotland,155.6,1.4,7.1,9.6,67.2
2024,2,Wales,215.4,4.4,9.5,3.3,43.4
2024,3,England,94.8,4.4,11.1,2.5,95.7
2024,3,Northern Ireland,119.1,3.5,9.8,3.1,87.0
2024,3,Scotland,113.3,2.0,8.1,7.4,102.1
2024,3,Wales,161.6,4.0,10.0,4.1,90.6
2024,4,England,85.5,5.4,13.1,1.2,128.8
2024,4,Northern Ireland,101.4,4.5,12.1,1.5,122.9
2024,4,Scotland,143.0,2.9,10.3,5.5,121.4
2024,4,Wales,138.7,5.2,12.0,2.0,114.8
2024,5,England,85.5,9.3,17.8,0.0,170.9
2024,5,Northern Ireland,48.1,9.0,16.7,0.0,139.0
2024,5,Scotland,82.4,8.5,16.3,0.0,145.2
2024,5,Wales,96.7,8.7,16.8,0.0,161.6
2024,6,England,33.9,9.2,18.9,0.0,208.5
2024,6,Northern Ireland,59.7,8.6,16.2,0.0,115.8
2024,6,Scotland,91.4,7.7,14.9,0.1,139.7
2024,6,Wales,49.6,8.7,16.9,0.0,175.3
2024,7,England,80.5,11.5,20.7,0.0,180.8
2024,7,Northern Ireland,76.4,10.1,17.9,0.0,110.2
2024,7,Scotland,91.4,9.2,16.5,0.0,120.0
2024,7,Wales,92.7,10.6,18.7,0.0,151.8
2024,8,England,46.6,12.3,21.4,0.0,185.0
2024,8,Northern Ireland,128.1,10.7,18.1,0.0,130.6
2024,8,Scotland,197.3,9.7,16.6,0.0,130.2
2024,8,Wales,103.4,11.7,19.0,0.0,149.7
2024,9,England,137.3,10.0,17.6,0.0,122.4
2024,9,Northern Ireland,65.8,8.5,15.9,0.0,134.0
2024,9,Scotland,79.3,7.0,14.5,0.5,125.9
2024,9,Wales,161.2,9.5,16.1,0.1,104.9
2024,10,England,92.8,7.8,14.8,0.4,99.6
2024,10,Northern Ireland,83.6,7.4,13.6,0.2,88.0
2024,10,Scotland,123.7,6.0,12.0,2.1,69.9
2024,10,Wales,130.7,7.5,14.0,0.8,97.1
2024,11,England,76.7,4.3,10.1,6.5,56.4
2024,11,Northern Ireland,85.1,4.7,10.2,6.5,37.0
2024,11,Scotland,110.8,2.4,8.5,9.6,46.3
2024,11,Wales,143.8,4.4,10.2,5.4,43.9
2024,12,England,82.6,4.3,9.2,1.0,27.8
2024,12,Northern Ireland,88.1,4.0,9.0,4.0,23.6
2024,12,Scotland,246.6,2.7,7.6,8.4,18.5
2024,12,Wales,196.1,4.3,8.9,1.1,23.3
