Year,Item,yield_hg_per_ha,avg_temp,annual_rainfall_mm,pesticides_tonnes,yield_lag1,temp_deviation,rainfall_deviation,rainfall_drought,rainfall_flood,growing_degree_days,year_numeric,is_wheat,pesticides_change,temp_rain_interaction
1990,Potatoes,365161.0,10.4,1203.6,29517.0,365161.0,0.797217391304347,38.63478260869556,0,0,1971.0000000000002,0,0,0.0,12.517439999999999
1990,Potatoes,365161.0,10.4,1203.6,29517.0,365161.0,0.797217391304347,38.63478260869556,0,0,1971.0000000000002,0,0,0.0,12.517439999999999
1990,Potatoes,365161.0,8.68,1203.6,29517.0,365161.0,-0.9227826086956536,38.63478260869556,0,0,1343.1999999999998,0,0,0.0,10.447248
1990,Potatoes,365161.0,10.94,1203.6,29517.0,365161.0,1.3372173913043461,38.63478260869556,0,0,2168.1,0,0,0.0,13.167383999999998
1991,Potatoes,354068.0,9.11,1024.9,29022.0,365161.0,-0.49278260869565393,-140.06521739130426,1,0,1500.1499999999999,1,0,-495.0,9.336839
1991,Potatoes,354068.0,9.24,1024.9,29022.0,354068.0,-0.36278260869565315,-140.06521739130426,1,0,1547.6000000000001,1,0,0.0,9.470076
1991,Potatoes,354068.0,9.24,1024.9,29022.0,354068.0,-0.36278260869565315,-140.06521739130426,1,0,1547.6000000000001,1,0,0.0,9.470076
1991,Potatoes,354068.0,7.99,1024.9,29022.0,354068.0,-1.6127826086956532,-140.06521739130426,1,0,1091.3500000000001,1,0,0.0,8.188951000000001
1991,Potatoes,354068.0,9.67,1024.9,29022.0,354068.0,0.06721739130434656,-140.06521739130426,1,0,1704.55,1,0,0.0,9.910783000000002
1992,Potatoes,433870.0,9.11,1217.3,31077.0,354068.0,-0.49278260869565393,52.334782608695605,0,0,1500.1499999999999,2,0,2055.0,11.089602999999999
1992,Potatoes,433870.0,9.54,1217.3,31077.0,433870.0,-0.06278260869565422,52.334782608695605,0,0,1657.0999999999997,2,0,0.0,11.613041999999998
1992,Potatoes,433870.0,9.54,1217.3,31077.0,433870.0,-0.06278260869565422,52.334782608695605,0,0,1657.0999999999997,2,0,0.0,11.613041999999998
1992,Potatoes,433870.0,8.05,1217.3,31077.0,433870.0,-1.5527826086956527,52.334782608695605,0,0,1113.2500000000002,2,0,0.0,9.799265000000002
1992,Potatoes,433870.0,10.15,1217.3,31077.0,433870.0,0.547217391304347,52.334782608695605,0,0,1879.7500000000002,2,0,0.0,12.355595
1993,Potatoes,415790.0,8.75,1149.4,32387.0,433870.0,-0.8527826086956534,-15.565217391304259,0,0,1368.75,3,0,1310.0,10.05725
1993,Potatoes,415790.0,9.14,1149.4,32387.0,415790.0,-0.4627826086956528,-15.565217391304259,0,0,1511.1000000000001,3,0,0.0,10.505516000000002
1993,Potatoes,415790.0,9.14,1149.4,32387.0,415790.0,-0.4627826086956528,-15.565217391304259,0,0,1511.1000000000001,3,0,0.0,10.505516000000002
1993,Potatoes,415790.0,7.59,1149.4,32387.0,415790.0,-2.0127826086956535,-15.565217391304259,0,0,945.3499999999999,3,0,0.0,8.723946
1993,Potatoes,415790.0,9.69,1149.4,32387.0,415790.0,0.08721739130434614,-15.565217391304259,0,0,1711.85,3,0,0.0,11.137686
1994,Potatoes,399956.0,9.01,1216.6,33929.0,415790.0,-0.5927826086956536,51.63478260869556,0,0,1463.6499999999999,4,0,1542.0,10.961566
1994,Potatoes,399956.0,9.86,1216.6,33929.0,399956.0,0.25721739130434607,51.63478260869556,0,0,1773.8999999999999,4,0,0.0,11.995675999999998
1994,Potatoes,399956.0,9.86,1216.6,33929.0,399956.0,0.25721739130434607,51.63478260869556,0,0,1773.8999999999999,4,0,0.0,11.995675999999998
1994,Potatoes,399956.0,8.07,1216.6,33929.0,399956.0,-1.532782608695653,51.63478260869556,0,0,1120.5500000000002,4,0,0.0,9.817962
1994,Potatoes,399956.0,10.48,1216.6,33929.0,399956.0,0.8772173913043471,51.63478260869556,0,0,2000.2,4,0,0.0,12.749967999999999
1995,Potatoes,374503.0,9.52,1050.4,33743.0,399956.0,-0.08278260869565379,-114.56521739130426,0,0,1649.8,5,0,-186.0,9.999808000000002
1995,Potatoes,374503.0,10.17,1050.4,33743.0,374503.0,0.5672173913043466,-114.56521739130426,0,0,1887.05,5,0,0.0,10.682568000000002
1995,Potatoes,374503.0,10.17,1050.4,33743.0,374503.0,0.5672173913043466,-114.56521739130426,0,0,1887.05,5,0,0.0,10.682568000000002
1995,Potatoes,374503.0,8.49,1050.4,33743.0,374503.0,-1.1127826086956532,-114.56521739130426,0,0,1273.8500000000001,5,0,0.0,8.917896
1995,Potatoes,374503.0,10.55,1050.4,33743.0,374503.0,0.9472173913043473,-114.56521739130426,0,0,2025.7500000000002,5,0,0.0,11.08172
1996,Potatoes,407441.0,8.8,935.1,35579.0,374503.0,-0.8027826086956527,-229.86521739130433,1,0,1387.0000000000002,6,0,1836.0,8.22888
1996,Potatoes,407441.0,8.87,935.1,35579.0,407441.0,-0.7327826086956541,-229.86521739130433,1,0,1412.5499999999997,6,0,0.0,8.294336999999999
1996,Potatoes,407441.0,8.87,935.1,35579.0,407441.0,-0.7327826086956541,-229.86521739130433,1,0,1412.5499999999997,6,0,0.0,8.294336999999999
1996,Potatoes,407441.0,7.71,935.1,35579.0,407441.0,-1.8927826086956534,-229.86521739130433,1,0,989.15,6,0,0.0,7.209621
1996,Potatoes,407441.0,9.27,935.1,35579.0,407441.0,-0.3327826086956538,-229.86521739130433,1,0,1558.55,6,0,0.0,8.668377
1997,Potatoes,429656.0,9.94,1049.1,35490.0,407441.0,0.33721739130434614,-115.86521739130444,0,0,1803.1,7,0,-89.0,10.428053999999998
1997,Potatoes,429656.0,10.17,1049.1,35490.0,429656.0,0.5672173913043466,-115.86521739130444,0,0,1887.05,7,0,0.0,10.669347
1997,Potatoes,429656.0,10.17,1049.1,35490.0,429656.0,0.5672173913043466,-115.86521739130444,0,0,1887.05,7,0,0.0,10.669347
1997,Potatoes,429656.0,8.87,1049.1,35490.0,429656.0,-0.7327826086956541,-115.86521739130444,0,0,1412.5499999999997,7,0,0.0,9.305516999999998
1997,Potatoes,429656.0,10.64,1049.1,35490.0,429656.0,1.0372173913043472,-115.86521739130444,0,0,2058.6000000000004,7,0,0.0,11.162424
1998,Potatoes,391347.0,9.59,1298.8,35422.0,429656.0,-0.012782608695653508,133.8347826086956,0,1,1675.35,8,0,-68.0,12.455492
1998,Potatoes,391347.0,10.0,1298.8,35422.0,391347.0,0.39721739130434663,133.8347826086956,0,1,1825.0,8,0,0.0,12.988
1998,Potatoes,391347.0,10.0,1298.8,35422.0,391347.0,0.39721739130434663,133.8347826086956,0,1,1825.0,8,0,0.0,12.988
1998,Potatoes,391347.0,8.56,1298.8,35422.0,391347.0,-1.0427826086956529,133.8347826086956,0,1,1299.4,8,0,0.0,11.117728000000001
1998,Potatoes,391347.0,10.4,1298.8,35422.0,391347.0,0.797217391304347,133.8347826086956,0,1,1971.0000000000002,8,0,0.0,13.507520000000001
1999,Potatoes,401515.0,9.67,1271.6,35537.0,391347.0,0.06721739130434656,106.63478260869556,0,0,1704.55,9,0,115.0,12.296372
1999,Potatoes,401515.0,10.3,1271.6,35537.0,401515.0,0.6972173913043473,106.63478260869556,0,0,1934.5000000000002,9,0,0.0,13.09748
1999,Potatoes,401515.0,10.3,1271.6,35537.0,401515.0,0.6972173913043473,106.63478260869556,0,0,1934.5000000000002,9,0,0.0,13.09748
1999,Potatoes,401515.0,8.74,1271.6,35537.0,401515.0,-0.8627826086956532,106.63478260869556,0,0,1365.1000000000001,9,0,0.0,11.113783999999999
1999,Potatoes,401515.0,10.86,1271.6,35537.0,401515.0,1.257217391304346,106.63478260869556,0,0,2138.8999999999996,9,0,0.0,13.809576
2000,Potatoes,399759.0,9.47,1372.9,33031.28,401515.0,-0.13278260869565273,207.93478260869574,0,1,1631.5500000000002,10,0,-2505.720000000001,13.001363000000001
2000,Potatoes,399759.0,9.97,1372.9,33031.28,399759.0,0.3672173913043473,207.93478260869574,0,1,1814.0500000000002,10,0,0.0,13.687813000000002
2000,Potatoes,399759.0,9.97,1372.9,33031.28,399759.0,0.3672173913043473,207.93478260869574,0,1,1814.0500000000002,10,0,0.0,13.687813000000002
2000,Potatoes,399759.0,8.48,1372.9,33031.28,399759.0,-1.122782608695653,207.93478260869574,0,1,1270.2,10,0,0.0,11.642192000000001
2000,Potatoes,399759.0,10.52,1372.9,33031.28,399759.0,0.9172173913043462,207.93478260869574,0,1,2014.8,10,0,0.0,14.442908000000001
2001,Potatoes,402970.0,9.25,1050.0,32893.1,399759.0,-0.35278260869565337,-114.96521739130435,0,0,1551.25,11,0,-138.1800000000003,9.7125
2001,Potatoes,402970.0,9.69,1050.0,32893.1,402970.0,0.08721739130434614,-114.96521739130435,0,0,1711.85,11,0,0.0,10.1745
2001,Potatoes,402970.0,9.69,1050.0,32893.1,402970.0,0.08721739130434614,-114.96521739130435,0,0,1711.85,11,0,0.0,10.1745
2001,Potatoes,402970.0,8.15,1050.0,32893.1,402970.0,-1.452782608695653,-114.96521739130435,0,0,1149.7500000000002,11,0,0.0,8.5575
2001,Potatoes,402970.0,10.18,1050.0,32893.1,402970.0,0.5772173913043464,-114.96521739130435,0,0,1890.6999999999998,11,0,0.0,10.689
2002,Potatoes,440886.0,9.78,1280.5,30995.26,402970.0,0.177217391304346,115.53478260869565,0,0,1744.6999999999998,12,0,-1897.8400000000001,12.52329
2002,Potatoes,440886.0,10.28,1280.5,30995.26,440886.0,0.677217391304346,115.53478260869565,0,0,1927.1999999999998,12,0,0.0,13.16354
2002,Potatoes,440886.0,10.28,1280.5,30995.26,440886.0,0.677217391304346,115.53478260869565,0,0,1927.1999999999998,12,0,0.0,13.16354
2002,Potatoes,440886.0,8.76,1280.5,30995.26,440886.0,-0.8427826086956536,115.53478260869565,0,0,1372.3999999999999,12,0,0.0,11.21718
2002,Potatoes,440886.0,10.91,1280.5,30995.26,440886.0,1.3072173913043468,115.53478260869565,0,0,2157.15,12,0,0.0,13.970255000000002
2004,Potatoes,424781.0,9.86,1207.3,31223.91,440886.0,0.25721739130434607,42.334782608695605,0,0,1773.8999999999999,14,0,228.65000000000146,11.903977999999999
2004,Potatoes,424781.0,10.27,1207.3,31223.91,424781.0,0.6672173913043462,42.334782608695605,0,0,1923.55,14,0,0.0,12.398971
2004,Potatoes,424781.0,10.27,1207.3,31223.91,424781.0,0.6672173913043462,42.334782608695605,0,0,1923.55,14,0,0.0,12.398971
2004,Potatoes,424781.0,8.92,1207.3,31223.91,424781.0,-0.6827826086956534,42.334782608695605,0,0,1430.8,14,0,0.0,10.769116
2004,Potatoes,424781.0,10.77,1207.3,31223.91,424781.0,1.1672173913043462,42.334782608695605,0,0,2106.0499999999997,14,0,0.0,13.002621
2005,Potatoes,435153.0,9.9,1079.6,31415.27,424781.0,0.297217391304347,-85.36521739130444,0,0,1788.5000000000002,15,0,191.36000000000058,10.688039999999999
2005,Potatoes,435153.0,10.24,1079.6,31415.27,435153.0,0.6372173913043468,-85.36521739130444,0,0,1912.6000000000001,15,0,0.0,11.055104
2005,Potatoes,435153.0,10.24,1079.6,31415.27,435153.0,0.6372173913043468,-85.36521739130444,0,0,1912.6000000000001,15,0,0.0,11.055104
2005,Potatoes,435153.0,8.85,1079.6,31415.27,435153.0,-0.7527826086956537,-85.36521739130444,0,0,1405.2499999999998,15,0,0.0,9.554459999999999
2005,Potatoes,435153.0,10.63,1079.6,31415.27,435153.0,1.0272173913043474,-85.36521739130444,0,0,2054.9500000000003,15,0,0.0,11.476147999999998
2006,Potatoes,415887.0,10.02,1171.6,22588.09,435153.0,0.4172173913043462,6.634782608695559,0,0,1832.3,16,0,-8827.18,11.739431999999999
2006,Potatoes,415887.0,10.58,1171.6,22588.09,415887.0,0.9772173913043467,6.634782608695559,0,0,2036.7,16,0,0.0,12.395527999999999
2006,Potatoes,415887.0,10.58,1171.6,22588.09,415887.0,0.9772173913043467,6.634782608695559,0,0,2036.7,16,0,0.0,12.395527999999999
2006,Potatoes,415887.0,9.1,1171.6,22588.09,415887.0,-0.5027826086956537,6.634782608695559,0,0,1496.4999999999998,16,0,0.0,10.66156
2006,Potatoes,415887.0,11.1,1171.6,22588.09,415887.0,1.4972173913043463,6.634782608695559,0,0,2226.5,16,0,0.0,13.00476
2007,Potatoes,401926.0,10.11,1192.5,22331.7,415887.0,0.5072173913043461,27.53478260869565,0,0,1865.1499999999999,17,0,-256.3899999999994,12.056175
2007,Potatoes,401926.0,10.37,1192.5,22331.7,401926.0,0.7672173913043459,27.53478260869565,0,0,1960.0499999999997,17,0,0.0,12.366224999999998
2007,Potatoes,401926.0,10.37,1192.5,22331.7,401926.0,0.7672173913043459,27.53478260869565,0,0,1960.0499999999997,17,0,0.0,12.366224999999998
2007,Potatoes,401926.0,8.94,1192.5,22331.7,401926.0,-0.6627826086956539,27.53478260869565,0,0,1438.1,17,0,0.0,10.66095
2007,Potatoes,401926.0,10.83,1192.5,22331.7,401926.0,1.2272173913043467,27.53478260869565,0,0,2127.95,17,0,0.0,12.914774999999999
2008,Potatoes,416597.0,9.48,1292.9,21596.68,401926.0,-0.12278260869565294,127.93478260869574,0,1,1635.2,18,0,-735.0200000000004,12.256692000000001
2008,Potatoes,416597.0,9.82,1292.9,21596.68,416597.0,0.21721739130434692,127.93478260869574,0,1,1759.3000000000002,18,0,0.0,12.696278000000001
2008,Potatoes,416597.0,9.82,1292.9,21596.68,416597.0,0.21721739130434692,127.93478260869574,0,1,1759.3000000000002,18,0,0.0,12.696278000000001
2008,Potatoes,416597.0,8.42,1292.9,21596.68,416597.0,-1.1827826086956534,127.93478260869574,0,1,1248.3,18,0,0.0,10.886218000000001
2008,Potatoes,416597.0,10.38,1292.9,21596.68,416597.0,0.7772173913043474,127.93478260869574,0,1,1963.7000000000003,18,0,0.0,13.420302000000001
2009,Potatoes,444167.0,9.59,1207.9,21324.22,416597.0,-0.012782608695653508,42.93478260869574,0,0,1675.35,19,0,-272.4599999999991,11.583761
2009,Potatoes,444167.0,9.9,1207.9,21324.22,444167.0,0.297217391304347,42.93478260869574,0,0,1788.5000000000002,19,0,0.0,11.958210000000001
2009,Potatoes,444167.0,9.9,1207.9,21324.22,444167.0,0.297217391304347,42.93478260869574,0,0,1788.5000000000002,19,0,0.0,11.958210000000001
2009,Potatoes,444167.0,8.64,1207.9,21324.22,444167.0,-0.9627826086956528,42.93478260869574,0,0,1328.6000000000001,19,0,0.0,10.436256000000002
2009,Potatoes,444167.0,10.52,1207.9,21324.22,444167.0,0.9172173913043462,42.93478260869574,0,0,2014.8,19,0,0.0,12.707108
2010,Potatoes,438841.0,8.4,945.9,16770.87,444167.0,-1.202782608695653,-219.06521739130437,1,0,1241.0000000000002,20,0,-4553.350000000002,7.94556
2010,Potatoes,438841.0,8.8,945.9,16770.87,438841.0,-0.8027826086956527,-219.06521739130437,1,0,1387.0000000000002,20,0,0.0,8.32392
2010,Potatoes,438841.0,8.8,945.9,16770.87,438841.0,-0.8027826086956527,-219.06521739130437,1,0,1387.0000000000002,20,0,0.0,8.32392
2010,Potatoes,438841.0,7.43,945.9,16770.87,438841.0,-2.1727826086956536,-219.06521739130437,1,0,886.9499999999999,20,0,0.0,7.028036999999999
2010,Potatoes,438841.0,9.38,945.9,16770.87,438841.0,-0.22278260869565258,-219.06521739130437,1,0,1598.7000000000003,20,0,0.0,8.872542000000001
2011,Potatoes,432192.0,9.82,1162.7,16401.66,438841.0,0.21721739130434692,-2.2652173913043043,0,0,1759.3000000000002,21,0,-369.2099999999991,11.417714
2011,Potatoes,432192.0,10.63,1162.7,16401.66,432192.0,1.0272173913043474,-2.2652173913043043,0,0,2054.9500000000003,21,0,0.0,12.359501000000002
2011,Potatoes,432192.0,10.63,1162.7,16401.66,432192.0,1.0272173913043474,-2.2652173913043043,0,0,2054.9500000000003,21,0,0.0,12.359501000000002
2011,Potatoes,432192.0,8.95,1162.7,16401.66,432192.0,-0.6527826086956541,-2.2652173913043043,0,0,1441.7499999999998,21,0,0.0,10.406165
2011,Potatoes,432192.0,11.19,1162.7,16401.66,432192.0,1.5872173913043461,-2.2652173913043043,0,0,2259.35,21,0,0.0,13.010613
2012,Potatoes,305570.0,9.27,1329.6,17718.64,432192.0,-0.3327826086956538,164.63478260869556,0,1,1558.55,22,0,1316.9799999999996,12.325391999999997
2012,Potatoes,305570.0,9.55,1329.6,17718.64,305570.0,-0.052782608695652655,164.63478260869556,0,1,1660.7500000000002,22,0,0.0,12.69768
2012,Potatoes,305570.0,9.55,1329.6,17718.64,305570.0,-0.052782608695652655,164.63478260869556,0,1,1660.7500000000002,22,0,0.0,12.69768
2012,Potatoes,305570.0,8.08,1329.6,17718.64,305570.0,-1.5227826086956533,164.63478260869556,0,1,1124.2,22,0,0.0,10.743167999999999
2012,Potatoes,305570.0,10.0,1329.6,17718.64,305570.0,0.39721739130434663,164.63478260869556,0,1,1825.0,22,0,0.0,13.296
2013,Potatoes,408993.0,8.76,1084.0,17673.46,305570.0,-0.8427826086956536,-80.96521739130435,0,0,1372.3999999999999,23,0,-45.18000000000029,9.49584
2013,Potatoes,408993.0,9.57,1084.0,17673.46,408993.0,-0.03278260869565308,-80.96521739130435,0,0,1668.0500000000002,23,0,0.0,10.373880000000002
2013,Potatoes,408993.0,9.57,1084.0,17673.46,408993.0,-0.03278260869565308,-80.96521739130435,0,0,1668.0500000000002,23,0,0.0,10.373880000000002
2013,Potatoes,408993.0,8.39,1084.0,17673.46,408993.0,-1.2127826086956528,-80.96521739130435,0,0,1237.3500000000001,23,0,0.0,9.09476
2013,Potatoes,408993.0,9.91,1084.0,17673.46,408993.0,0.3072173913043468,-80.96521739130435,0,0,1792.15,23,0,0.0,10.74244
